Player Name;Name;Surname;Extra;Player Name 2;Number;Number2;Team
Trae Young;Trae;Young;;T.Young;11;;ATL
Dyson Daniels;Dyson;Daniels;;D.Daniels;5;;ATL
Zaccharie Risacher;Zaccharie;Risacher;;Z.Risacher;10;;ATL
Onyeka Okongwu;Onyeka;Okongwu;;O.Okongwu;17;;ATL
Vit Krejci;Vit;Krejci;;V.Krejci;27;;ATL
Clint Capela;Clint;Capela;;C.Capela;15;;ATL
Garrison Mathews;Garrison;Mathews;;G.Mathews;24;;ATL
Jalen Johnson;Jalen;Johnson;;J.Johnson;1;;ATL
Dominick Barlow;Dominick;Barlow;;D.Barlow;0;;ATL
Mouhamed Gueye;Mouhamed;Gueye;;M.Gueye;18;;ATL
Keaton Wallace;Keaton;Wallace;;K.Wallace;2;;ATL
Terance Mann;Terance;Mann;;T.Mann;14;;ATL
Georges Niang;Georges;Niang;;G.Niang;20;;ATL
Caris LeVert;Caris;LeVert;;C.LeVert;3;;ATL
Larry NanceJr;Larry;Nance;Jr.;L.Nance;22;;ATL
Kobe Bufkin;Kobe;Bufkin;;K.Bufkin;4;;ATL
Daeqwon Plowden;Daeqwon;Plowden;;D.Plowden;29;;ATL
Jacob Toppin;Jacob;Toppin;;J.Toppin;0;;ATL
Payton Pritchard;Payton;Pritchard;;P.Pritchard;11;;BOS
Derrick White;Derrick;White;;D.White;9;;BOS
Luke Kornet;Luke;Kornet;;L.Kornet;40;;BOS
Jayson Tatum;Jayson;Tatum;;J.Tatum;0;;BOS
Sam Hauser;Sam;Hauser;;S.Hauser;30;;BOS
Jaylen Brown;Jaylen;Brown;;J.Brown;7;;BOS
Jrue Holiday;Jrue;Holiday;;J.Holiday;4;;BOS
Neemias Queta;Neemias;Queta;;N.Queta;88;;BOS
Al Horford;Al;Horford;;A.Horford;42;;BOS
Jordan Walsh;Jordan;Walsh;;J.Walsh;27;;BOS
Kristaps Porzingis;Kristaps;Porzingis;;K.Porzingis;8;;BOS
Xavier Tillman Sr.;Xavier;Tillman;Sr.;X.Tillman;26;;BOS
Baylor Scheierman;Baylor;Scheierman;;B.Scheierman;55;;BOS
Drew Peterson;Drew;Peterson;;D.Peterson;13;;BOS
Torrey Craig;Torrey;Craig;;T.Craig;12;;BOS
JD Davison;JD;Davison;;J.Davison;20;;BOS
Miles Norris;Miles;Norris;;M.Norris;44;;BOS
Keon Johnson;Keon;Johnson;;K.Johnson;45;;BRK
Jalen Wilson;Jalen;Wilson;;J.Wilson;22;;BRK
Nic Claxton;Nic;Claxton;;N.Claxton;33;;BRK
Ziaire Williams;Ziaire;Williams;;Z.Williams;8;;BRK
Tyrese Martin;Tyrese;Martin;;T.Martin;13;;BRK
Cameron Johnson;Cameron;Johnson;;C.Johnson;2;;BRK
Day'Ron Sharpe;Day'Ron;Sharpe;;D.Sharpe;20;;BRK
Noah Clowney;Noah;Clowney;;N.Clowney;21;;BRK
Trendon Watford;Trendon;Watford;;T.Watford;9;;BRK
Reece Beekman;Reece;Beekman;;R.Beekman;4;;BRK
D'Angelo Russell;D'Angelo;Russell;;D.Russell;1;;BRK
Tosan Evbuomwan;Tosan;Evbuomwan;;T.Evbuomwan;12;;BRK
Cam Thomas;Cam;Thomas;;C.Thomas;24;;BRK
Maxwell Lewis;Maxwell;Lewis;;M.Lewis;27;;BRK
Dariq Whitehead;Dariq;Whitehead;;D.Whitehead;0;;BRK
Drew Timme;Drew;Timme;;D.Timme;26;;BRK
Tyson Etienne;Tyson;Etienne;;T.Etienne;10;;BRK
De'Anthony Melton;De'Anthony;Melton;;D.Melton;;;BRK
Moussa Diabate;Moussa;Diabate;;M.Diabate;14;;CHO
Josh Green;Josh;Green;;J.Green;10;;CHO
Seth Curry;Seth;Curry;;S.Curry;30;;CHO
Miles Bridges;Miles;Bridges;;M.Bridges;0;;CHO
Nick SmithJr;Nick;Smith;Jr.;N.Smith;8;;CHO
Tidjane Salaun;Tidjane;Salaun;;T.Salaun;31;;CHO
LaMelo Ball;LaMelo;Ball;;L.Ball;1;;CHO
DaQuan Jeffries;DaQuan;Jeffries;;D.Jeffries;3;;CHO
Mark Williams;Mark;Williams;;M.Williams;5;;CHO
Taj Gibson;Taj;Gibson;;T.Gibson;67;;CHO
KJ Simpson;KJ;Simpson;;K.Simpson;25;;CHO
Brandon Miller;Brandon;Miller;;B.Miller;24;;CHO
Jusuf Nurkic;Jusuf;Nurkic;;J.Nurkic;11;;CHO
Grant Williams;Grant;Williams;;G.Williams;2;;CHO
Wendell MooreJr;Wendell;Moore;Jr.;W.Moore;9;;CHO
Josh Okogie;Josh;Okogie;;J.Okogie;12;;CHO
Damion Baugh;Damion;Baugh;;D.Baugh;7;;CHO
Tre Mann;Tre;Mann;;T.Mann;23;;CHO
Jaylen Sims;Jaylen;Sims;;J.Sims;33;;CHO
Matas Buzelis;Matas;Buzelis;;M.Buzelis;14;;CHI
Julian Phillips;Julian;Phillips;;J.Phillips;15;;CHI
Coby White;Coby;White;;C.White;0;;CHI
Nikola Vucevic;Nikola;Vucevic;;N.Vucevic;9;;CHI
Dalen Terry;Dalen;Terry;;D.Terry;25;;CHI
Josh Giddey;Josh;Giddey;;J.Giddey;3;;CHI
Jalen Smith;Jalen;Smith;;J.Smith;7;;CHI
Patrick Williams;Patrick;Williams;;P.Williams;44;;CHI
Talen Horton-Tucker;Talen;Horton-Tucker;;T.Horton-Tucker;22;;CHI
Ayo Dosunmu;Ayo;Dosunmu;;A.Dosunmu;11;;CHI
Jevon Carter;Jevon;Carter;;J.Carter;5;;CHI
Lonzo Ball;Lonzo;Ball;;L.Ball;2;;CHI
Zach Collins;Zach;Collins;;Z.Collins;12;;CHI
Kevin Huerter;Kevin;Huerter;;K.Huerter;13;;CHI
Tre Jones;Tre;Jones;;T.Jones;30;;CHI
E.J. Liddell;E.J.;Liddell;;E.Liddell;32;;CHI
Jahmir Young;Jahmir;Young;;J.Young;17;;CHI
Emanuel Miller;Emanuel;Miller;;E.Miller;20;;CHI
Jarrett Allen;Jarrett;Allen;;J.Allen;31;;CLE
Darius Garland;Darius;Garland;;D.Garland;10;;CLE
Donovan Mitchell;Donovan;Mitchell;;D.Mitchell;45;;CLE
Evan Mobley;Evan;Mobley;;E.Mobley;4;;CLE
Sam Merrill;Sam;Merrill;;S.Merrill;5;;CLE
Ty Jerome;Ty;Jerome;;T.Jerome;2;;CLE
Dean Wade;Dean;Wade;;D.Wade;32;;CLE
Isaac Okoro;Isaac;Okoro;;I.Okoro;35;;CLE
Craig PorterJr;Craig;Porter;Jr.;C.Porter;9;;CLE
Max Strus;Max;Strus;;M.Strus;1;;CLE
Jaylon Tyson;Jaylon;Tyson;;J.Tyson;24;;CLE
Tristan Thompson;Tristan;Thompson;;T.Thompson;13;;CLE
De'Andre Hunter;De'Andre;Hunter;;D.Hunter;12;;CLE
Javonte Green;Javonte;Green;;J.Green;8;;CLE
Luke Travers;Luke;Travers;;L.Travers;33;;CLE
Emoni Bates;Emoni;Bates;;E.Bates;21;;CLE
Nae'Qwan Tomlin;Nae'Qwan;Tomlin;;N.Tomlin;30;;CLE
Chuma Okeke;Chuma;Okeke;;C.Okeke;18;;CLE
Spencer Dinwiddie;Spencer;Dinwiddie;;S.Dinwiddie;26;;DAL
Klay Thompson;Klay;Thompson;;K.Thompson;31;;DAL
Naji Marshall;Naji;Marshall;;N.Marshall;13;;DAL
P.J. Washington;P.J.;Washington;;P.Washington;25;;DAL
Daniel Gafford;Daniel;Gafford;;D.Gafford;21;;DAL
Jaden Hardy;Jaden;Hardy;;J.Hardy;1;;DAL
Dwight Powell;Dwight;Powell;;D.Powell;7;;DAL
Olivier-Maxence Prosper;Olivier-Maxence;Prosper;;O.Prosper;8;;DAL
Kyrie Irving;Kyrie;Irving;;K.Irving;11;;DAL
Kessler Edwards;Kessler;Edwards;;K.Edwards;20;;DAL
Dereck Lively;Dereck;Lively;;D.Lively;2;;DAL
Brandon Williams;Brandon;Williams;;B.Williams;10;;DAL
Max Christie;Max;Christie;;M.Christie;0;;DAL
Dante Exum;Dante;Exum;;D.Exum;0;;DAL
Caleb Martin;Caleb;Martin;;C.Martin;16;;DAL
Kai Jones;Kai;Jones;;K.Jones;23;;DAL
Anthony Davis;Anthony;Davis;;A.Davis;3;;DAL
Christian Braun;Christian;Braun;;C.Braun;0;;DEN
Michael PorterJr;Michael;Porter;Jr.;M.Porter;1;;DEN
Russell Westbrook;Russell;Westbrook;;R.Westbrook;4;;DEN
Nikola Jokic;Nikola;Jokic;;N.Jokic;15;;DEN
Peyton Watson;Peyton;Watson;;P.Watson;8;;DEN
Jamal Murray;Jamal;Murray;;J.Murray;27;;DEN
Julian Strawther;Julian;Strawther;;J.Strawther;3;;DEN
Zeke Nnaji;Zeke;Nnaji;;Z.Nnaji;22;;DEN
DeAndre Jordan;DeAndre;Jordan;;D.Jordan;6;;DEN
Aaron Gordon;Aaron;Gordon;;A.Gordon;32;;DEN
Hunter Tyson;Hunter;Tyson;;H.Tyson;5;;DEN
Jalen Pickett;Jalen;Pickett;;J.Pickett;24;;DEN
Trey Alexander;Trey;Alexander;;T.Alexander;23;;DEN
Spencer Jones;Spencer;Jones;;S.Jones;21;;DEN
PJ Hall;PJ;Hall;;P.Hall;13;;DEN
Dario Šaric;Dario;Šaric;;D.Šaric;9;;DEN
Vlatko Cancar;Vlatko;Cancar;;V.Cancar;31;;DEN
DaRon Holmes;DaRon;Holmes;;D.Holmes;;;DEN
Malik Beasley;Malik;Beasley;;M.Beasley;5;;DET
Ron Holland;Ron;Holland;;R.Holland;0;;DET
Jalen Duren;Jalen;Duren;;J.Duren;0;;DET
Tim HardawayJr;Tim;Hardaway;Jr.;T.Hardaway;8;;DET
Simone Fontecchio;Simone;Fontecchio;;S.Fontecchio;19;;DET
Tobias Harris;Tobias;Harris;;T.Harris;12;;DET
Isaiah Stewart;Isaiah;Stewart;;I.Stewart;28;;DET
Cade Cunningham;Cade;Cunningham;;C.Cunningham;2;;DET
Ausar Thompson;Ausar;Thompson;;A.Thompson;9;;DET
Marcus Sasser;Marcus;Sasser;;M.Sasser;25;;DET
Paul Reed;Paul;Reed;;P.Reed;7;;DET
Jaden Ivey;Jaden;Ivey;;J.Ivey;23;;DET
Dennis Schroder;Dennis;Schroder;;D.Schroder;17;;DET
Lindy Waters;Lindy;Waters;;L.Waters;43;;DET
Bobi Klintman;Bobi;Klintman;;B.Klintman;34;;DET
Daniss Jenkins;Daniss;Jenkins;;D.Jenkins;24;;DET
Tolu Smith;Tolu;Smith;;T.Smith;35;;DET
Ron HarperJr;Ron;Harper;Jr.;R.Harper;13;;DET
Buddy Hield;Buddy;Hield;;B.Hield;7;;GSW
Kevon Looney;Kevon;Looney;;K.Looney;5;;GSW
Moses Moody;Moses;Moody;;M.Moody;4;;GSW
Stephen Curry;Stephen;Curry;;S.Curry;30;;GSW
Draymond Green;Draymond;Green;;D.Green;23;;GSW
Brandin Podziemski;Brandin;Podziemski;;B.Podziemski;2;;GSW
Trayce Jackson-Davis;Trayce;Jackson-Davis;;T.Jackson-Davis;32;;GSW
Gary Payton II;Gary;Payton;II;G.Payton;0;;GSW
Gui Santos;Gui;Santos;;G.Santos;15;;GSW
Jonathan Kuminga;Jonathan;Kuminga;;J.Kuminga;0;;GSW
Quinten Post;Quinten;Post;;Q.Post;21;;GSW
Pat Spencer;Pat;Spencer;;P.Spencer;61;;GSW
Jimmy Butler;Jimmy;Butler;;J.Butler;10;;GSW
Kevin Knox;Kevin;Knox;;K.Knox;31;;GSW
Jackson Rowe;Jackson;Rowe;;J.Rowe;44;;GSW
Braxton Key;Braxton;Key;;B.Key;12;;GSW
Taran Armstrong;Taran;Armstrong;;T.Armstrong;;;GSW
Jalen Green;Jalen;Green;;Ja.Green;4;;HOU
Alperen Sengun;Alperen;Sengun;;A.Sengun;28;;HOU
Dillon Brooks;Dillon;Brooks;;D.Brooks;9;;HOU
Amen Thompson;Amen;Thompson;;A.Thompson;1;;HOU
Aaron Holiday;Aaron;Holiday;;A.Holiday;0;;HOU
Fred VanVleet;Fred;VanVleet;;F.VanVleet;5;;HOU
Steven Adams;Steven;Adams;;S.Adams;12;;HOU
Jabari SmithJr;Jabari;Smith;Jr.;J.Smith;10;;HOU
Tari Eason;Tari;Eason;;T.Eason;17;;HOU
Reed Sheppard;Reed;Sheppard;;R.Sheppard;15;;HOU
Jae'Sean Tate;Jae'Sean;Tate;;J.Tate;8;;HOU
Cam Whitmore;Cam;Whitmore;;C.Whitmore;7;;HOU
Jock Landale;Jock;Landale;;J.Landale;2;;HOU
Jeff Green;Jeff;Green;;Je.Green;32;;HOU
Jeenathan Williams;Jeenathan;Williams;;J.Williams;19;;HOU
Jack McVeigh;Jack;McVeigh;;J.McVeigh;58;;HOU
N'Faly Dante;N'Faly;Dante;;N.Dante;3;;HOU
David Roddy;David;Roddy;;D.Roddy;21;;HOU
Obi Toppin;Obi;Toppin;;O.Toppin;1;;IND
T.J. McConnell;T.J.;McConnell;;T.McConnell;9;;IND
Pascal Siakam;Pascal;Siakam;;P.Siakam;43;;IND
Jarace Walker;Jarace;Walker;;J.Walker;5;;IND
Tyrese Haliburton;Tyrese;Haliburton;;T.Haliburton;0;;IND
Bennedict Mathurin;Bennedict;Mathurin;;B.Mathurin;0;;IND
Myles Turner;Myles;Turner;;M.Turner;33;;IND
Andrew Nembhard;Andrew;Nembhard;;A.Nembhard;2;;IND
Ben Sheppard;Ben;Sheppard;;B.Sheppard;26;;IND
Thomas Bryant;Thomas;Bryant;;T.Bryant;3;;IND
Johnny Furphy;Johnny;Furphy;;J.Furphy;12;;IND
Aaron Nesmith;Aaron;Nesmith;;A.Nesmith;23;;IND
Quenton Jackson;Quenton;Jackson;;Q.Jackson;29;;IND
Enrique Freeman;Enrique;Freeman;;E.Freeman;8;;IND
Tony Bradley;Tony;Bradley;;T.Bradley;13;;IND
James Johnson;James;Johnson;;J.Johnson;16;;IND
RayJ Dennis;RayJ;Dennis;;R.Dennis;10;;IND
Isaiah Jackson;Isaiah;Jackson;;I.Jackson;22;;IND
Ivica Zubac;Ivica;Zubac;;I.Zubac;40;;LAC
James Harden;James;Harden;;J.Harden;1;;LAC
Nicolas Batum;Nicolas;Batum;;N.Batum;33;;LAC
Derrick JonesJr;Derrick;Jones;Jr.;D.Jones;55;;LAC
Kris Dunn;Kris;Dunn;;K.Dunn;8;;LAC
Amir Coffey;Amir;Coffey;;A.Coffey;7;;LAC
Norman Powell;Norman;Powell;;N.Powell;24;;LAC
Kobe Brown;Kobe;Brown;;K.Brown;21;;LAC
Kawhi Leonard;Kawhi;Leonard;;K.Leonard;2;;LAC
Jordan Miller;Jordan;Miller;;J.Miller;11;;LAC
Bogdan Bogdanovic;Bogdan;Bogdanovic;;B.Bogdanovic;10;;LAC
Drew Eubanks;Drew;Eubanks;;D.Eubanks;15;;LAC
Ben Simmons;Ben;Simmons;;B.Simmons;25;;LAC
Cam Christie;Cam;Christie;;C.Christie;12;;LAC
Patty Mills;Patty;Mills;;P.Mills;88;;LAC
Trentyn Flowers;Trentyn;Flowers;;T.Flowers;9;;LAC
Patrick BaldwinJr;Patrick;Baldwin;Jr.;P.Baldwin;23;;LAC
Kevin PorterJr;Kevin;PorterJr;Jr.;K.PorterJr;77;;LAC
Seth Lundy;Seth;Lundy;;S.Lundy;;;LAC
Dalton Knecht;Dalton;Knecht;;D.Knecht;4;;LAL
Austin Reaves;Austin;Reaves;;A.Reaves;15;;LAL
Gabe Vincent;Gabe;Vincent;;G.Vincent;7;;LAL
LeBron James;LeBron;James;;L.James;23;;LAL
Rui Hachimura;Rui;Hachimura;;R.Hachimura;28;;LAL
Jaxson Hayes;Jaxson;Hayes;;J.Hayes;11;;LAL
Dorian Finney-Smith;Dorian;Finney-Smith;;D.Finney-Smith;17;;LAL
Christian Koloko;Christian;Koloko;;C.Koloko;10;;LAL
Jarred Vanderbilt;Jarred;Vanderbilt;;J.Vanderbilt;2;;LAL
Shake Milton;Shake;Milton;;S.Milton;20;;LAL
Jordan Goodwin;Jordan;Goodwin;;J.Goodwin;30;;LAL
Luka Doncic;Luka;Doncic;;L.Doncic;77;;LAL
Bronny James;Bronny;James;;B.James;9;;LAL
Trey Jemison;Trey;Jemison;;T.Jemison;55;;LAL
Alex Len;Alex;Len;;A.Len;27;;LAL
Markieff Morris;Markieff;Morris;;M.Morris;88;;LAL
Maxi Kleber;Maxi;Kleber;;M.Kleber;14;;LAL
Jaylen Wells;Jaylen;Wells;;J.Wells;0;;MEM
Scotty PippenJr;Scotty;Pippen;Jr.;S.Pippen;1;;MEM
Jaren JacksonJr;Jaren;Jackson;Jr.;J.Jackson;13;;MEM
Desmond Bane;Desmond;Bane;;D.Bane;22;;MEM
Zach Edey;Zach;Edey;;Z.Edey;14;;MEM
Santi Aldama;Santi;Aldama;;S.Aldama;7;;MEM
Luke Kennard;Luke;Kennard;;L.Kennard;10;;MEM
Brandon Clarke;Brandon;Clarke;;B.Clarke;15;;MEM
Jay Huff;Jay;Huff;;J.Huff;30;;MEM
Ja Morant;Ja;Morant;;J.Morant;12;;MEM
John Konchar;John;Konchar;;J.Konchar;46;;MEM
GG Jackson II;GG;Jackson;II;G.Jackson;45;;MEM
Vince WilliamsJr;Vince;Williams;Jr.;V.Williams;5;;MEM
Cam Spencer;Cam;Spencer;;C.Spencer;24;;MEM
Yuki Kawamura;Yuki;Kawamura;;Y.Kawamura;17;;MEM
Lamar Stevens;Lamar;Stevens;;L.Stevens;8;;MEM
Marvin Bagley;Marvin;Bagley;;M.Bagley;35;;MEM
Zyon Pullin;Zyon;Pullin;;Z.Pullin;2;;MEM
Bam Adebayo;Bam;Adebayo;;B.Adebayo;13;;MIA
Tyler Herro;Tyler;Herro;;T.Herro;14;;MIA
Duncan Robinson;Duncan;Robinson;;D.Robinson;55;;MIA
Haywood Highsmith;Haywood;Highsmith;;H.Highsmith;24;;MIA
Jaime JaquezJr;Jaime;Jaquez;Jr.;J.Jaquez;11;;MIA
Terry Rozier;Terry;Rozier;;T.Rozier;2;;MIA
Kel'el Ware;Kel'el;Ware;;K.Ware;7;;MIA
Pelle Larsson;Pelle;Larsson;;P.Larsson;9;;MIA
Alec Burks;Alec;Burks;;A.Burks;18;;MIA
Nikola Jovic;Nikola;Jovic;;N.Jovic;5;;MIA
Davion Mitchell;Davion;Mitchell;;D.Mitchell;45;;MIA
Kyle Anderson;Kyle;Anderson;;K.Anderson;20;;MIA
Kevin Love;Kevin;Love;;K.Love;42;;MIA
Andrew Wiggins;Andrew;Wiggins;;A.Wiggins;22;;MIA
Keshad Johnson;Keshad;Johnson;;K.Johnson;16;;MIA
Dru Smith;Dru;Smith;;D.Smith;12;;MIA
Josh Christopher;Josh;Christopher;;J.Christopher;8;;MIA
Isaiah Stevens;Isaiah;Stevens;;I.Stevens;4;;MIA
Brook Lopez;Brook;Lopez;;B.Lopez;11;;MIL
Taurean Prince;Taurean;Prince;;T.Prince;12;;MIL
Gary TrentJr;Gary;Trent;Jr.;G.Trent;5;;MIL
A.J. Green;A.J.;Green;;A.Green;20;;MIL
Giannis Antetokounmpo;Giannis;Antetokounmpo;;G.Antetokounmpo;34;;MIL
Andre JacksonJr;Andre;Jackson;Jr.;A.Jackson;44;;MIL
Damian Lillard;Damian;Lillard;;D.Lillard;0;;MIL
Ryan Rollins;Ryan;Rollins;;R.Rollins;13;;MIL
Bobby Portis;Bobby;Portis;;B.Portis;9;;MIL
Pat Connaughton;Pat;Connaughton;;P.Connaughton;24;;MIL
Kyle Kuzma;Kyle;Kuzma;;K.Kuzma;18;;MIL
Kevin PorterJr;Kevin;Porter;Jr.;K.Porter;3;;MIL
Tyler Smith;Tyler;Smith;;T.Smith;21;;MIL
Stanley Umude;Stanley;Umude;;S.Umude;17;;MIL
Chris Livingston;Chris;Livingston;;C.Livingston;7;;MIL
Jericho Sims;Jericho;Sims;;J.Sims;0;;MIL
Pete Nance;Pete;Nance;;P.Nance;35;;MIL
Jamaree Bouyea;Jamaree;Bouyea;;J.Bouyea;15;;MIL
Jaden McDaniels;Jaden;McDaniels;;J.McDaniels;3;;MIN
Nickeil Alexander-Walker;Nickeil;Alexander-Walker;;N.Alexander-Walker;9;;MIN
Naz Reid;Naz;Reid;;N.Reid;11;;MIN
Anthony Edwards;Anthony;Edwards;;A.Edwards;5;;MIN
Rudy Gobert;Rudy;Gobert;;R.Gobert;27;;MIN
Mike Conley;Mike;Conley;;M.Conley;10;;MIN
Julius Randle;Julius;Randle;;J.Randle;30;;MIN
Donte DiVincenzo;Donte;DiVincenzo;;D.DiVincenzo;0;;MIN
Rob Dillingham;Rob;Dillingham;;R.Dillingham;4;;MIN
Josh Minott;Josh;Minott;;J.Minott;8;;MIN
Jaylen Clark;Jaylen;Clark;;J.Clark;22;;MIN
Luka Garza;Luka;Garza;;L.Garza;55;;MIN
Terrence ShannonJr;Terrence;Shannon;Jr.;T.Shannon;0;;MIN
Joe Ingles;Joe;Ingles;;J.Ingles;7;;MIN
Leonard Miller;Leonard;Miller;;L.Miller;33;;MIN
Bones Hyland;Bones;Hyland;;B.Hyland;77;;MIN
Tristen Newton;Tristen;Newton;;T.Newton;13;;MIN
Jesse Edwards;Jesse;Edwards;;J.Edwards;14;;MIN
Yves Missi;Yves;Missi;;Y.Missi;21;;NOP
Jeremiah Robinson-Earl;Jeremiah;Robinson-Earl;;J.Robinson-Earl;50;;NOP
CJ McCollum;CJ;McCollum;;C.McCollum;3;;NOP
Jordan Hawkins;Jordan;Hawkins;;J.Hawkins;24;;NOP
Jose Alvarado;Jose;Alvarado;;J.Alvarado;15;;NOP
Trey Murphy;Trey;Murphy;;T.Murphy;25;;NOP
Antonio Reeves;Antonio;Reeves;;A.Reeves;12;;NOP
Brandon BostonJr;Brandon;Boston;Jr.;B.Boston;11;;NOP
Karlo Matkovic;Karlo;Matkovic;;K.Matkovic;17;;NOP
Jamal Cain;Jamal;Cain;;J.Cain;8;;NOP
Dejounte Murray;Dejounte;Murray;;D.Murray;5;;NOP
Zion Williamson;Zion;Williamson;;Z.Williamson;1;;NOP
Bruce Brown;Bruce;Brown;;B.Brown;0;;NOP
Kelly Olynyk;Kelly;Olynyk;;K.Olynyk;13;;NOP
Herbert Jones;Herbert;Jones;;H.Jones;2;;NOP
Elfrid Payton;Elfrid;Payton;;E.Payton;4;;NOP
Keion BrooksJr;Keion;Brooks;Jr.;K.Brooks;0;;NOP
Lester Quiñones;Lester;Quiñones;;L.Quiñones;22;;NOP
Kylor Kelley;Kylor;Kelley;;K.Kelley;35;;NOP
Mikal Bridges;Mikal;Bridges;;M.Bridges;25;;NYK
Josh Hart;Josh;Hart;;J.Hart;3;;NYK
OG Anunoby;OG;Anunoby;;O.Anunoby;8;;NYK
Karl-Anthony Towns;Karl-Anthony;Towns;;K.Towns;32;;NYK
Cameron Payne;Cameron;Payne;;C.Payne;1;;NYK
Jalen Brunson;Jalen;Brunson;;J.Brunson;11;;NYK
Miles McBride;Miles;McBride;;M.McBride;2;;NYK
Precious Achiuwa;Precious;Achiuwa;;P.Achiuwa;5;;NYK
Landry Shamet;Landry;Shamet;;L.Shamet;44;;NYK
Tyler Kolek;Tyler;Kolek;;T.Kolek;13;;NYK
Ariel Hukporti;Ariel;Hukporti;;A.Hukporti;55;;NYK
Pacome Dadiet;Pacome;Dadiet;;P.Dadiet;4;;NYK
Mitchell Robinson;Mitchell;Robinson;;M.Robinson;23;;NYK
Delon Wright;Delon;Wright;;D.Wright;0;;NYK
Anton Watson;Anton;Watson;;A.Watson;21;;NYK
MarJon Beauchamp;MarJon;Beauchamp;;M.Beauchamp;14;;NYK
Kevin McCullarJr;Kevin;McCullar;Jr.;K.McCullar;9;;NYK
P.J. Tucker;P.J.;Tucker;;P.Tucker;17;;NYK
Shai Gilgeous-Alexander;Shai;Gilgeous-Alexander;;S.Gilgeous-Alexander;2;;OKC
Aaron Wiggins;Aaron;Wiggins;;A.Wiggins;21;;OKC
Isaiah Joe;Isaiah;Joe;;I.Joe;11;;OKC
Luguentz Dort;Luguentz;Dort;;L.Dort;5;;OKC
Jalen J.Williams;Jalen;J.Williams;;Jal.J.Williams;8;;OKC
Jalen Williams;Jalen;Williams;;Jal.Williams;8;;OKC
Kenrich Williams;Kenrich;Williams;;K.Williams;34;;OKC
Cason Wallace;Cason;Wallace;;C.Wallace;22;;OKC
Isaiah Hartenstein;Isaiah;Hartenstein;;I.Hartenstein;55;;OKC
Alex Caruso;Alex;Caruso;;A.Caruso;9;;OKC
Dillon Jones;Dillon;Jones;;D.Jones;3;;OKC
Jaylin Williams;Jaylin;Williams;;Jay.Williams;6;;OKC
Ousmane Dieng;Ousmane;Dieng;;O.Dieng;13;;OKC
Adam Flagler;Adam;Flagler;;A.Flagler;14;;OKC
Ajay Mitchell;Ajay;Mitchell;;A.Mitchell;25;;OKC
Chet Holmgren;Chet;Holmgren;;C.Holmgren;7;;OKC
Branden Carlson;Branden;Carlson;;B.Carlson;15;;OKC
Alex Ducas;Alex;Ducas;;A.Ducas;88;;OKC
Nikola Topic;Nikola;Topic;;N.Topic;;;OKC
Anthony Black;Anthony;Black;;A.Black;0;;ORL
Kentavious Caldwell-Pope;Kentavious;Caldwell-Pope;;K.Caldwell-Pope;3;;ORL
Tristan Da Silva;Tristan;Da;Silva;T.Da;23;;ORL
Jonathan Isaac;Jonathan;Isaac;;J.Isaac;1;;ORL
Goga Bitadze;Goga;Bitadze;;G.Bitadze;35;;ORL
Wendell CarterJr;Wendell;Carter;Jr.;W.Carter;34;;ORL
Cole Anthony;Cole;Anthony;;C.Anthony;50;;ORL
Franz Wagner;Franz;Wagner;;F.Wagner;22;;ORL
Jett Howard;Jett;Howard;;J.Howard;13;;ORL
Caleb Houstan;Caleb;Houstan;;C.Houstan;2;;ORL
Cory Joseph;Cory;Joseph;;C.Joseph;10;;ORL
Gary Harris;Gary;Harris;;G.Harris;14;;ORL
Paolo Banchero;Paolo;Banchero;;P.Banchero;5;;ORL
Jalen Suggs;Jalen;Suggs;;J.Suggs;4;;ORL
Trevelin Queen;Trevelin;Queen;;T.Queen;12;;ORL
Moritz Wagner;Moritz;Wagner;;M.Wagner;21;;ORL
Mac McClung;Mac;McClung;;M.McClung;8;;ORL
Ethan Thompson;Ethan;Thompson;;E.Thompson;;;ORL
Ricky Council IV;Ricky;Council;IV;R.Council;14;;PHI
Guerschon Yabusele;Guerschon;Yabusele;;G.Yabusele;28;;PHI
Kelly OubreJr;Kelly;Oubre;Jr.;K.Oubre;9;;PHI
Adem Bona;Adem;Bona;;A.Bona;30;;PHI
Tyrese Maxey;Tyrese;Maxey;;T.Maxey;0;;PHI
Justin Edwards;Justin;Edwards;;J.Edwards;19;;PHI
Paul George;Paul;George;;P.George;8;;PHI
Jeff DowtinJr;Jeff;DowtinJr;;J.DowtinJr;11;;PHI
Andre Drummond;Andre;Drummond;;A.Drummond;1;5;PHI
Eric Gordon;Eric;Gordon;;E.Gordon;23;;PHI
Kyle Lowry;Kyle;Lowry;;K.Lowry;7;;PHI
Quentin Grimes;Quentin;Grimes;;Q.Grimes;5;;PHI
Jared Butler;Jared;Butler;;J.Butler;12;;PHI
Jared McCain;Jared;McCain;;J.McCain;20;;PHI
Lonnie Walker IV;Lonnie;Walker;IV;L.Walker;16;;PHI
Joel Embiid;Joel;Embiid;;J.Embiid;21;;PHI
Alex Reese;Alex;Reese;;A.Reese;65;;PHI
Jalen Hood-Schifino;Jalen;Hood-Schifino;;J.Hood-Schifino;17;;PHI
Isaiah Mobley;Isaiah;Mobley;;I.Mobley;25;;PHI
Tyus Jones;Tyus;Jones;;T.Jones;21;;PHO
Devin Booker;Devin;Booker;;D.Booker;1;;PHO
Royce O'Neale;Royce;O'Neale;;R.O'Neale;0;;PHO
Ryan Dunn;Ryan;Dunn;;R.Dunn;0;;PHO
Mason Plumlee;Mason;Plumlee;;M.Plumlee;22;;PHO
Grayson Allen;Grayson;Allen;;G.Allen;8;;PHO
Kevin Durant;Kevin;Durant;;K.Durant;35;;PHO
Oso Ighodaro;Oso;Ighodaro;;O.Ighodaro;4;;PHO
Bradley Beal;Bradley;Beal;;B.Beal;3;;PHO
Monte Morris;Monte;Morris;;M.Morris;23;;PHO
Nick Richards;Nick;Richards;;N.Richards;2;;PHO
Bol Bol;Bol;Bol;;B.Bol;11;;PHO
Collin Gillespie;Collin;Gillespie;;C.Gillespie;12;;PHO
Damion Lee;Damion;Lee;;D.Lee;10;;PHO
TyTy WashingtonJr;TyTy;Washington;Jr.;T.Washington;14;;PHO
Cody Martin;Cody;Martin;;C.Martin;17;;PHO
Jalen Bridges;Jalen;Bridges;;J.Bridges;15;;PHO
Vasilije Micic;Vasilije;Micic;;V.Micic;18;;PHO
Toumani Camara;Toumani;Camara;;T.Camara;33;;POR
Shaedon Sharpe;Shaedon;Sharpe;;S.Sharpe;17;;POR
Deni Avdija;Deni;Avdija;;D.Avdija;8;;POR
Anfernee Simons;Anfernee;Simons;;A.Simons;1;;POR
Kris Murray;Kris;Murray;;K.Murray;24;;POR
Dalano Banton;Dalano;Banton;;D.Banton;5;;POR
Donovan Clingan;Donovan;Clingan;;D.Clingan;23;;POR
Scoot Henderson;Scoot;Henderson;;S.Henderson;0;;POR
Jabari Walker;Jabari;Walker;;J.Walker;34;;POR
Rayan Rupert;Rayan;Rupert;;R.Rupert;21;;POR
Jerami Grant;Jerami;Grant;;J.Grant;9;;POR
Duop Reath;Duop;Reath;;D.Reath;26;;POR
Deandre Ayton;Deandre;Ayton;;D.Ayton;2;;POR
Robert Williams;Robert;Williams;;R.Williams;35;;POR
Justin Minaya;Justin;Minaya;;J.Minaya;10;;POR
Matisse Thybulle;Matisse;Thybulle;;M.Thybulle;4;;POR
Bryce McGowens;Bryce;McGowens;;B.McGowens;11;;POR
Sidy Cissoko;Sidy;Cissoko;;S.Cissoko;91;;POR
Keon Ellis;Keon;Ellis;;K.Ellis;23;;SAC
DeMar DeRozan;DeMar;DeRozan;;D.DeRozan;10;;SAC
Keegan Murray;Keegan;Murray;;K.Murray;13;;SAC
Domantas Sabonis;Domantas;Sabonis;;D.Sabonis;11;;SAC
Trey Lyles;Trey;Lyles;;T.Lyles;41;;SAC
Malik Monk;Malik;Monk;;M.Monk;0;;SAC
Doug McDermott;Doug;McDermott;;D.McDermott;7;;SAC
Isaac Jones;Isaac;Jones;;I.Jones;3;17;SAC
Devin Carter;Devin;Carter;;D.Carter;22;;SAC
Zach LaVine;Zach;LaVine;;Z.LaVine;8;;SAC
Jonas Valanciunas;Jonas;Valanciunas;;J.Valanciunas;17;;SAC
Markelle Fultz;Markelle;Fultz;;M.Fultz;20;;SAC
Jake LaRavia;Jake;LaRavia;;J.LaRavia;33;;SAC
Isaiah Crawford;Isaiah;Crawford;;I.Crawford;24;;SAC
Mason Jones;Mason;Jones;;M.Jones;15;;SAC
Jae Crowder;Jae;Crowder;;J.Crowder;99;;SAC
Terence Davis;Terence;Davis;;T.Davis;9;;SAC
Harrison Barnes;Harrison;Barnes;;H.Barnes;40;;SAS
Julian Champagnie;Julian;Champagnie;;J.Champagnie;30;;SAS
Chris Paul;Chris;Paul;;C.Paul;3;;SAS
Stephon Castle;Stephon;Castle;;S.Castle;5;;SAS
Keldon Johnson;Keldon;Johnson;;K.Johnson;0;;SAS
Devin Vassell;Devin;Vassell;;D.Vassell;24;;SAS
Sandro Mamukelashvili;Sandro;Mamukelashvili;;S.Mamukelashvili;54;;SAS
Blake Wesley;Blake;Wesley;;B.Wesley;14;;SAS
Jeremy Sochan;Jeremy;Sochan;;J.Sochan;10;;SAS
Malaki Branham;Malaki;Branham;;M.Branham;22;;SAS
Victor Wembanyama;Victor;Wembanyama;;V.Wembanyama;1;;SAS
Charles Bassey;Charles;Bassey;;C.Bassey;28;;SAS
Bismack Biyombo;Bismack;Biyombo;;B.Biyombo;18;;SAS
Jordan McLaughlin;Jordan;McLaughlin;;J.McLaughlin;11;;SAS
De'Aaron Fox;De'Aaron;Fox;;D.Fox;4;;SAS
David DukeJr;David;Duke;Jr.;D.Duke;7;;SAS
Harrison Ingram;Harrison;Ingram;;H.Ingram;55;;SAS
Riley Minix;Riley;Minix;;R.Minix;27;;SAS
Jamal Shead;Jamal;Shead;;J.Shead;23;;TOR
Scottie Barnes;Scottie;Barnes;;S.Barnes;4;;TOR
Ochai Agbaji;Ochai;Agbaji;;O.Agbaji;30;;TOR
Jonathan Mogbo;Jonathan;Mogbo;;J.Mogbo;2;;TOR
Jamison Battle;Jamison;Battle;;J.Battle;77;;TOR
RJ Barrett;RJ;Barrett;;R.Barrett;9;;TOR
Jakob Poeltl;Jakob;Poeltl;;J.Poeltl;19;;TOR
Gradey Dick;Gradey;Dick;;G.Dick;1;;TOR
Ja'Kobe Walter;Ja'Kobe;Walter;;J.Walter;14;;TOR
Chris Boucher;Chris;Boucher;;C.Boucher;25;;TOR
Immanuel Quickley;Immanuel;Quickley;;I.Quickley;5;;TOR
Garrett Temple;Garrett;Temple;;G.Temple;17;;TOR
A.J. Lawson;A.J.;Lawson;;A.Lawson;0;;TOR
Colin Castleton;Colin;Castleton;;C.Castleton;11;;TOR
Jared Rhoden;Jared;Rhoden;;J.Rhoden;8;;TOR
Ulrich Chomche;Ulrich;Chomche;;U.Chomche;22;;TOR
Brandon Ingram;Brandon;Ingram;;B.Ingram;;;TOR
Kyle Filipowski;Kyle;Filipowski;;K.Filipowski;22;;UTA
Brice Sensabaugh;Brice;Sensabaugh;;B.Sensabaugh;28;;UTA
Isaiah Collier;Isaiah;Collier;;I.Collier;13;;UTA
Keyonte George;Keyonte;George;;K.George;3;;UTA
Johnny Juzang;Johnny;Juzang;;J.Juzang;33;;UTA
Collin Sexton;Collin;Sexton;;C.Sexton;2;;UTA
Walker Kessler;Walker;Kessler;;W.Kessler;24;;UTA
Cody Williams;Cody;Williams;;C.Williams;5;;UTA
Lauri Markkanen;Lauri;Markkanen;;L.Markkanen;23;;UTA
John Collins;John;Collins;;J.Collins;20;;UTA
Svi Mykhailiuk;Svi;Mykhailiuk;;S.Mykhailiuk;19;;UTA
Micah Potter;Micah;Potter;;M.Potter;25;;UTA
Jordan Clarkson;Jordan;Clarkson;;J.Clarkson;0;;UTA
KJ Martin;KJ;Martin;;K.Martin;99;;UTA
Jaden Springer;Jaden;Springer;;J.Springer;11;;UTA
Oscar Tshiebwe;Oscar;Tshiebwe;;O.Tshiebwe;34;;UTA
Elijah Harkless;Elijah;Harkless;;E.Harkless;16;;UTA
Taylor Hendricks;Taylor;Hendricks;;T.Hendricks;0;;UTA
Bub Carrington;Bub;Carrington;;B.Carrington;8;;WAS
Jordan Poole;Jordan;Poole;;J.Poole;13;;WAS
Kyshawn George;Kyshawn;George;;K.George;18;;WAS
Alex Sarr;Alex;Sarr;;A.Sarr;20;;WAS
Justin Champagnie;Justin;Champagnie;;J.Champagnie;9;;WAS
Corey Kispert;Corey;Kispert;;C.Kispert;24;;WAS
Bilal Coulibaly;Bilal;Coulibaly;;B.Coulibaly;0;;WAS
Anthony Gill;Anthony;Gill;;A.Gill;16;;WAS
Tristan Vukcevic;Tristan;Vukcevic;;T.Vukcevic;0;;WAS
Richaun Holmes;Richaun;Holmes;;R.Holmes;22;;WAS
Malcolm Brogdon;Malcolm;Brogdon;;M.Brogdon;15;;WAS
AJ Johnson;AJ;Johnson;;A.Johnson;5;;WAS
Marcus Smart;Marcus;Smart;;M.Smart;36;;WAS
Colby Jones;Colby;Jones;;C.Jones;1;;WAS
Khris Middleton;Khris;Middleton;;K.Middleton;32;;WAS
Jaylen Martin;Jaylen;Martin;;J.Martin;4;;WAS
JT Thor;JT;Thor;;J.Thor;21;;WAS
Saddiq Bey;Saddiq;Bey;;S.Bey;;;WAS
Jimmy Butler;Jimmy;Butler;;J.Butler;4;;MIA
Luka Doncic;Luka;Doncic;;L.Doncic;77;;DAL
Maxi Kleber;Maxi;Kleber;;M.Kleber;42;;DAL
D'Angelo Russell;D'Angelo;Russell;;D.Russell;1;;LAL
Ben Simmons;Ben;Simmons;;B.Simmons;10;;BRK
Mikal Bridges;Mikal;Bridges;;M.Bridges;1;;BRK
Paul George;Paul;George;;P.George;13;;LAC
AJ Johnson;AJ;Johnson;;A.Johnson;77;;MIL
Andrew Wiggins;Andrew;Wiggins;;A.Wiggins;22;;GSW
Quentin Grimes;Quentin;Grimes;;Q.Grimes;5;;DAL
Lindy Waters;Lindy;Waters;;L.Waters;43;;GSW
Kelly Olynyk;Kelly;Olynyk;;K.Olynyk;41;;TOR
Davion Mitchell;Davion;Mitchell;;D.Mitchell;45;;TOR
Dorian Finney-Smith;Dorian;Finney-Smith;;D.Finney-Smith;28;;BRK
Caris LeVert;Caris;LeVert;;C.LeVert;3;;CLE
Georges Niang;Georges;Niang;;G.Niang;20;;CLE
Shake Milton;Shake;Milton;;S.Milton;7;;BRK
JT Thor;JT;Thor;;J.Thor;15;;CLE
Kyle Anderson;Kyle;Anderson;;K.Anderson;1;;MEM
Dennis Schroder;Dennis;Schroder;;D.Schroder;71;;GSW
Jake LaRavia;Jake;LaRavia;;J.LaRavia;3;;MEM
Jazian Gortman;Jazian;Gortman;;J.Gortman;0;;DAL
Mo Bamba ;Mo;Bamba;;M.Bamba;4;;LAC
Marcus Smart;Marcus;Smart;;M.Smart;36;;MEM
De'Andre Hunter;De'Andre;Hunter;;D.Hunter;12;;ATL
David Roddy;David;Roddy;;D.Roddy;8;;ATL
Bogdan Bogdanovic;Bogdan;Bogdanovic;;B.Bogdanovic;13;;ATL
Anthony Davis;Anthony;Davis;;A.Davis;3;;LAL
Max Christie;Max;Christie;;M.Christie;12;;LAL
Cam Reddish;Cam;Reddish;;C.Reddish;5;;LAL
Khris Middleton;Khris;Middleton;;K.Middleton;22;;MIL
Zach LaVine;Zach;LaVine;;Z.LaVine;8;;CHI
Delon Wright;Delon;Wright;;D.Wright;55;;MIL
Chris Duarte;Chris;Duarte;;C.Duarte;8;;CHI
Liam Robbins;Liam ;Robbins;;L.Robbins;15;;MIL
MarJon Beauchamp;Marjon;Beauchamp;;M.Beauchamp;3;;MIL
Greg Brown;Greg;Brown;;G.Brown;9;;DAL
Trey Jemison;Trey;Jemison;;T.Jemison;55;;NOP
Javonte Green;Javonte;Green;;J.Green;4;;NOP
Daniel Theis;Daniel;Theis;;D.Theis;10;;NOP
Jericho Sims;Jericho;Sims;;J.Sims;20;;NYK
Matt Ryan;Matt;Ryan;;M.Ryan;37;;NYK
Caleb Martin;Caleb;Martin;;C.Martin;16;;PHI
Nick Richards;Nick;Richards;;N.Richards;4;;CHO
Vasilije Micic;Vasilije;Micic;;V.Micic;22;;CHO
Isaiah Wong;Isaiah;Wong;;I.Wong;21;;CHO
Drew Eubanks;Drew;Eubanks;;D.Eubanks;15;;UTA
Reggie Jackson;Reggie;Jackson;;R.Jackson;0;;PHI
Jusuf Nurkic;Jusuf;Nurkic;;J.Nurkic;20;;PHO
Josh Okogie;Josh;Okogie;;J.Okogie;2;;PHO
KJ Martin;KJ;Martin;;K.Martin;1;;PHI
Tre Jones;Tre;Jones;;T.Jones;33;;SAS
Skal Labissiere;Skal;Labissiere;;S.Labissiere;25;;SAC
Jacob Toppin;Jacob;Toppin;;J.Toppin;0;;NYK
Orlando Robinson;Orlando ;Robinson;;O.Robinson;21;;TOR
Malachi Flynn;Malachi;Flynn;;M.Flynn;22;;CHO
Jonas Valanciunas;Jonas;Valanciunas;;J.Valanciunas;17;;WAS
Killan Hayes;Killan;Hayes;;K.Hayes;7;;BRK
Marvin Bagley;Marvin;Bagley;;M.Bagley;35;;WAS
Johnny Davis;Johnny;Davis;;J.Davison;1;;WAS
Jared Butler;Jared;Butler;;J.Butler;4;;WAS
Jaden Springer;Jaden;Springer;;J.Springer;44;;BOS
De'Aaron Fox;De'Aaron;Fox;;D.Fox;5;;SAC
Colby Jones;Colby;Jones;;C.Jones;20;;SAC
Bones Hyland;Bones;Hyland;;B.Hyland;5;;LAC
Brandon Boston;Brandon;Boston;;B.Boston;11;;NOP
